Timestamp,CPU %,Cores Used
1680419208.4864361,0.0,8
1680419210.491568,6.1,8
1680419212.494899,3.2,8
1680419214.4977212,4.6,8
1680419216.4987211,13.1,8
1680419218.502744,10.2,8
1680419220.508924,9.4,8
1680419222.5117261,11.7,8
1680419224.513728,14.9,8
1680419226.519268,13.7,8
1680419228.524538,8.9,8
1680419230.530016,4.4,8
1680419232.536082,5.2,8
1680419234.5421178,5.4,8
1680419236.548077,7.1,8
1680419238.554024,8.6,8
1680419240.5600471,7.9,8
1680419242.5664399,9.7,8
1680419244.56963,6.9,8
1680419246.5756092,4.8,8
1680419248.58164,4.6,8
1680419250.586945,6.1,8
1680419252.5895228,5.3,8
1680419254.595293,4.3,8
1680419256.601304,5.2,8
1680419258.6070771,4.6,8
1680419260.613091,5.1,8
1680419262.614729,6.4,8
1680419264.620777,5.6,8
1680419266.625279,4.7,8
1680419268.6315,5.2,8
1680419270.637253,7.7,8
1680419272.6397,22.3,8
1680419274.645716,8.9,8
1680419276.6518369,7.0,8
1680419278.657961,7.6,8
1680419280.66344,7.0,8
1680419282.669439,9.1,8
1680419284.675411,7.9,8
1680419286.679082,6.2,8
1680419288.6837618,10.7,8
1680419290.689306,17.1,8
1680419292.692978,9.2,8
1680419294.6986759,7.7,8
1680419296.701362,8.4,8
1680419298.706924,10.3,8
1680419300.7123892,8.6,8
1680419302.718378,13.0,8
1680419304.724271,12.0,8
1680419306.729723,8.4,8
1680419308.731926,7.8,8
1680419310.7373,8.3,8
1680419312.740382,8.6,8
1680419314.745635,12.4,8
1680419316.751004,7.5,8
1680419318.756962,6.2,8
1680419320.76246,6.1,8
1680419322.7684832,6.1,8
1680419324.774459,7.4,8
1680419326.78048,6.6,8
1680419328.7867079,17.6,8
1680419330.7933838,17.2,8
1680419332.7988842,11.8,8
1680419334.800591,14.4,8
1680419336.805599,12.0,8
1680419338.808783,37.3,8
1680419340.810174,45.9,8
1680419342.815419,44.5,8
1680419344.821219,16.3,8
1680419346.82805,26.2,8
1680419348.834207,15.7,8
1680419350.841335,12.9,8
1680419352.847763,20.1,8
1680419354.8534698,19.3,8
1680419356.8560262,24.8,8
1680419358.867197,60.1,8
1680419360.874401,18.3,8
1680419362.880654,60.1,8
1680419364.8905652,58.0,8
1680419366.894758,10.8,8
1680419368.9007502,11.9,8
1680419370.906761,7.8,8
1680419372.912517,25.6,8
1680419374.915734,61.8,8
1680419376.923285,97.7,8
1680419378.9287229,99.8,8
1680419380.934366,99.8,8
1680419382.9397929,99.8,8
1680419384.9454122,99.6,8
1680419386.9486709,99.9,8
1680419388.9494898,99.9,8
1680419390.956707,99.8,8
1680419392.9621491,99.9,8
1680419394.9645,99.8,8
1680419396.9674828,99.9,8
1680419398.9725912,99.8,8
1680419400.978003,99.6,8
1680419402.983424,100.0,8
1680419404.988788,100.0,8
1680419406.994362,100.0,8
1680419408.996292,100.0,8
1680419411.000727,100.0,8
1680419413.006121,99.7,8
1680419415.0099149,99.6,8
1680419417.014832,99.8,8
1680419419.020264,99.8,8
1680419421.021633,99.9,8
1680419423.0231318,99.8,8
1680419425.029243,99.9,8
1680419427.030429,99.8,8
1680419429.032208,99.8,8
1680419431.0376189,99.8,8
1680419433.040417,99.7,8
1680419435.045949,99.8,8
1680419437.051391,99.7,8
1680419439.0524642,99.8,8
1680419441.0579698,99.9,8
1680419443.0634701,99.6,8
1680419445.0688279,99.9,8
1680419447.074173,99.8,8
1680419449.0756962,99.8,8
1680419451.081163,99.8,8
1680419453.086716,99.8,8
1680419455.089269,99.9,8
1680419457.094657,99.9,8
1680419459.1000168,100.0,8
1680419461.1053922,99.8,8
1680419463.1107771,99.8,8
1680419465.111854,99.7,8
1680419467.1145222,99.7,8
1680419469.115071,99.8,8
1680419471.120589,99.8,8
1680419473.1249669,100.0,8
1680419475.132241,99.9,8
1680419477.139031,100.0,8
1680419479.144253,100.0,8
1680419481.1468549,99.9,8
1680419483.153304,100.0,8
1680419485.157346,100.0,8
1680419487.163539,100.0,8
1680419489.169117,100.0,8
1680419491.171864,99.9,8
1680419493.177778,79.6,8
1680419495.17998,97.3,8
1680419497.185838,99.6,8
1680419499.188262,99.6,8
1680419501.194026,99.9,8
1680419503.200444,99.6,8
1680419505.2058911,100.0,8
1680419507.211543,99.8,8
1680419509.215476,99.9,8
1680419511.216682,99.9,8
1680419513.2213209,99.9,8
1680419515.224746,99.8,8
1680419517.230294,99.8,8
1680419519.231133,99.6,8
1680419521.233593,99.7,8
1680419523.239744,99.9,8
1680419525.243458,99.8,8
1680419527.2462878,99.8,8
1680419529.246807,99.5,8
1680419531.252348,99.7,8
1680419533.25556,99.8,8
1680419535.261015,99.7,8
1680419537.266458,99.6,8
1680419539.271915,99.6,8
1680419541.2773418,99.6,8
1680419543.278241,99.6,8
1680419545.278796,99.7,8
1680419547.279695,99.6,8
1680419549.2804532,99.6,8
1680419551.2849228,99.6,8
1680419553.287422,99.7,8
1680419555.292785,99.8,8
1680419557.297371,99.8,8
1680419559.29875,99.8,8
1680419561.3041642,99.7,8
1680419563.309591,99.6,8
1680419565.31502,99.8,8
1680419567.316716,99.6,8
1680419569.322166,99.9,8
1680419571.322918,100.0,8
1680419573.3282712,99.9,8
1680419575.3336692,99.6,8
1680419577.339058,99.6,8
1680419579.343905,99.6,8
1680419581.346678,99.7,8
1680419583.3521001,99.6,8
1680419585.355834,99.6,8
1680419587.360357,99.7,8
1680419589.3657222,99.8,8
1680419591.371105,99.7,8
1680419593.376519,99.8,8
1680419595.377855,99.7,8
1680419597.3798661,99.6,8
1680419599.385277,99.6,8
1680419601.391362,99.6,8
1680419603.396748,99.7,8
1680419605.399776,99.8,8
1680419607.4010859,99.7,8
1680419609.406477,99.6,8
1680419611.41185,99.6,8
1680419613.4124212,99.7,8
1680419615.417846,99.8,8
1680419617.4232562,99.5,8
1680419619.424979,83.6,8
1680419621.4305642,93.2,8
1680419623.433376,99.9,8
1680419625.437421,100.0,8
1680419627.4428911,99.6,8
1680419629.448388,99.5,8
1680419631.451518,99.6,8
1680419633.45505,99.7,8
1680419635.4603589,99.9,8
1680419637.4613252,99.9,8
1680419639.4690828,99.9,8
1680419641.473592,99.9,8
1680419643.47513,99.9,8
1680419645.476445,99.9,8
1680419647.4776409,99.8,8
1680419649.483076,99.9,8
1680419651.487218,99.6,8
1680419653.492665,99.8,8
1680419655.497802,99.8,8
1680419657.500021,99.7,8
1680419659.501585,99.8,8
1680419661.507058,99.5,8
1680419663.508964,99.8,8
1680419665.514358,99.9,8
1680419667.518465,99.8,8
1680419669.5239182,99.9,8
1680419671.529216,99.7,8
1680419673.533678,99.8,8
1680419675.537662,99.6,8
1680419677.543082,99.6,8
1680419679.546765,99.8,8
1680419681.5521762,99.7,8
1680419683.557589,99.6,8
1680419685.5630028,99.7,8
1680419687.568453,99.9,8
1680419689.570304,100.0,8
1680419691.5724218,99.8,8
1680419693.57367,99.8,8
1680419695.5770931,99.9,8
1680419697.5826151,100.0,8
1680419699.588021,100.0,8
1680419701.5894458,100.0,8
1680419703.594796,99.9,8
1680419705.598468,100.0,8
1680419707.6038651,100.0,8
1680419709.6093152,99.8,8
1680419711.6147058,100.0,8
1680419713.620188,99.9,8
1680419715.6221828,99.8,8
1680419717.627601,99.8,8
1680419719.633009,99.8,8
1680419721.638408,99.7,8
1680419723.64224,99.8,8
1680419725.6435862,99.8,8
1680419727.648993,99.8,8
1680419729.654505,99.6,8
1680419731.6599329,99.9,8
1680419733.662288,99.8,8
1680419735.6629949,100.0,8
1680419737.669131,99.9,8
1680419739.670437,99.8,8
1680419741.672127,99.9,8
1680419743.677612,99.8,8
1680419745.683049,99.7,8
1680419747.6884859,99.7,8
1680419749.689867,99.8,8
1680419751.6961112,78.4,8
1680419753.7036061,97.2,8
1680419755.7090628,99.8,8
1680419757.7102048,100.0,8
1680419759.712401,100.0,8
1680419761.7178628,99.8,8
1680419763.723288,99.9,8
1680419765.7284749,99.8,8
1680419767.730686,99.8,8
1680419769.7367868,99.9,8
1680419771.742392,100.0,8
1680419773.747751,99.5,8
1680419775.74913,100.0,8
1680419777.7545989,99.9,8
1680419779.7588449,99.9,8
1680419781.7611678,99.8,8
1680419783.76385,99.9,8
1680419785.770136,99.8,8
1680419787.775553,99.8,8
1680419789.777345,99.6,8
1680419791.782185,99.8,8
1680419793.783925,99.6,8
1680419795.78945,99.8,8
1680419797.794911,99.5,8
1680419799.800365,99.7,8
1680419801.8054872,99.6,8
1680419803.810882,99.7,8
1680419805.813226,99.7,8
1680419807.8186722,99.6,8
1680419809.8229609,99.6,8
1680419811.828376,99.8,8
1680419813.83379,99.9,8
1680419815.838733,100.0,8
1680419817.844179,100.0,8
1680419819.848605,100.0,8
1680419821.853992,100.0,8
1680419823.8594408,100.0,8
1680419825.864852,99.9,8
1680419827.86627,99.8,8
1680419829.871721,99.5,8
1680419831.876369,99.8,8
1680419833.881759,99.9,8
1680419835.883975,99.9,8
1680419837.889376,99.9,8
1680419839.8914292,99.9,8
1680419841.896994,99.8,8
1680419843.902415,99.7,8
1680419845.907876,99.7,8
1680419847.910444,99.8,8
1680419849.911974,99.5,8
1680419851.9128199,99.7,8
1680419853.91825,99.8,8
1680419855.921046,99.6,8
1680419857.921757,99.9,8
1680419859.9236832,99.8,8
1680419861.929162,99.8,8
1680419863.934579,99.9,8
1680419865.935998,99.7,8
1680419867.941408,99.7,8
1680419869.9442902,99.6,8
1680419871.9461482,99.5,8
1680419873.948473,99.6,8
1680419875.951699,99.9,8
1680419877.957142,99.9,8
1680419879.962712,99.9,8
1680419881.963903,99.8,8
1680419883.966083,85.9,8
1680419885.971959,90.6,8
1680419887.977422,99.5,8
1680419889.979142,99.7,8
1680419891.9828758,99.8,8
1680419893.988446,99.9,8
1680419895.9900339,99.8,8
1680419897.995062,99.9,8
1680419900.00116,99.8,8
1680419902.0066051,99.8,8
1680419904.011699,100.0,8
1680419906.017191,99.8,8
1680419908.019109,100.0,8
1680419910.0245929,99.9,8
1680419912.0288541,99.8,8
1680419914.034328,99.9,8
1680419916.039948,99.8,8
1680419918.043228,99.9,8
1680419920.048307,99.6,8
1680419922.053694,99.6,8
1680419924.059155,99.6,8
1680419926.063124,99.6,8
1680419928.068898,99.6,8
1680419930.069659,99.9,8
1680419932.075039,100.0,8
1680419934.0756,99.9,8
1680419936.079941,99.8,8
1680419938.0855522,99.9,8
1680419940.089443,99.8,8
1680419942.091132,99.8,8
1680419944.0938702,99.8,8
1680419946.099293,99.9,8
1680419948.103771,99.9,8
1680419950.105171,99.7,8
1680419952.1098912,99.6,8
1680419954.113354,99.6,8
1680419956.11777,99.6,8
1680419958.123188,99.8,8
1680419960.128618,99.8,8
1680419962.130576,99.9,8
1680419964.136705,99.9,8
1680419966.139988,99.9,8
1680419968.146295,99.9,8
1680419970.14799,99.6,8
1680419972.153398,99.4,8
1680419974.156636,99.8,8
1680419976.16208,99.8,8
1680419978.167536,99.9,8
1680419980.172985,99.9,8
1680419982.178418,99.9,8
1680419984.1826189,99.9,8
1680419986.186385,99.5,8
1680419988.189018,99.8,8
1680419990.19077,99.9,8
1680419992.196178,99.9,8
1680419994.1974661,99.8,8
1680419996.203635,99.8,8
1680419998.207755,99.6,8
1680420000.2131531,99.8,8
1680420002.215383,99.6,8
1680420004.221022,99.8,8
1680420006.226007,100.0,8
1680420008.227445,99.8,8
1680420010.2328808,99.9,8
1680420012.234727,99.6,8
1680420014.237679,99.5,8
1680420016.24308,99.7,8
1680420018.2441752,99.6,8
1680420020.2546182,94.5,8
1680420022.2601018,37.9,8
1680420024.2660701,3.6,8
1680420026.272119,9.5,8
1680420028.2726889,29.7,8
1680420030.278471,5.9,8
1680420032.2843661,4.5,8
1680420034.2903,2.9,8
1680420036.291968,3.8,8
1680420038.296006,13.5,8
1680420040.3016589,3.4,8
1680420042.303398,2.0,8
1680420044.3081899,2.8,8
1680420046.3122518,6.8,8
1680420048.3182569,5.7,8
1680420050.324244,6.1,8
1680420052.330281,5.9,8
1680420054.336282,7.6,8
1680420056.342168,25.5,8
1680420058.347254,51.5,8
1680420060.3571358,30.6,8
1680420062.3600068,16.4,8
1680420064.362078,19.4,8
1680420066.367649,14.8,8
1680420068.3690162,20.7,8
1680420070.3748732,22.7,8
1680420072.377055,17.7,8
1680420074.3826969,16.1,8
1680420076.388293,16.4,8
1680420078.393785,16.1,8
1680420080.395912,19.9,8
1680420082.398923,18.1,8
1680420084.404576,20.2,8
1680420086.410173,17.4,8
1680420088.4111922,16.2,8
1680420090.413016,17.0,8
1680420092.4147599,23.8,8
1680420094.4204211,24.1,8
1680420096.426168,26.2,8
1680420098.431584,20.2,8
1680420100.436887,42.2,8
1680420102.441324,20.7,8
1680420104.442987,15.8,8
1680420106.443995,19.6,8
1680420108.4471722,18.2,8
1680420110.4528809,18.3,8
1680420112.454282,18.1,8
1680420114.459114,18.2,8
1680420116.463388,18.6,8
1680420118.4647412,19.1,8
1680420120.470319,19.8,8
1680420122.4717572,19.8,8
1680420124.4773288,18.0,8
1680420126.479445,30.4,8
1680420128.482694,23.5,8
1680420130.4882948,21.8,8
1680420132.489354,29.2,8
1680420134.493633,19.2,8
1680420136.49469,17.3,8
1680420138.5003269,19.3,8
1680420140.505944,15.8,8
1680420142.510178,27.9,8
1680420144.515745,15.7,8
1680420146.5179892,15.1,8
1680420148.523593,15.9,8
1680420150.5277739,15.3,8
1680420152.5331268,17.6,8
1680420154.538613,16.9,8
1680420156.54392,15.1,8
1680420158.54948,16.3,8
1680420160.5520241,18.2,8
1680420162.557624,20.0,8
1680420164.5624409,18.9,8
1680420166.568039,17.6,8
1680420168.573457,21.6,8
1680420170.574132,21.7,8
1680420172.579775,18.9,8
1680420174.5826602,18.5,8
1680420176.588266,18.3,8
1680420178.593837,17.8,8
1680420180.5994508,19.0,8
1680420182.6050508,18.3,8
1680420184.610433,19.4,8
1680420186.6153212,17.6,8
1680420188.6209269,18.9,8
1680420190.623146,16.0,8
1680420192.6252842,15.2,8
1680420194.627552,51.9,8
1680420196.6285,46.1,8
1680420198.634441,53.9,8
1680420200.638714,37.6,8
1680420202.6443799,18.6,8
1680420204.650005,19.7,8
1680420206.655649,20.4,8
1680420208.661505,20.4,8
1680420210.667205,25.6,8
1680420212.673236,18.9,8
1680420214.675793,21.5,8
1680420216.681292,16.2,8
1680420218.6827672,15.9,8
1680420220.683794,15.3,8
1680420222.687155,30.4,8
1680420224.691199,57.7,8
1680420226.697282,50.1,8
1680420228.7018182,38.3,8
1680420230.7039318,31.9,8
1680420232.707388,31.8,8
1680420234.712993,28.2,8
1680420236.718566,16.2,8
1680420238.7209768,15.6,8
1680420240.7236679,17.3,8
1680420242.72925,17.7,8
1680420244.734856,17.6,8
1680420246.740206,22.7,8
1680420248.745455,21.9,8
1680420250.751047,18.7,8
1680420252.756792,20.3,8
1680420254.757432,27.2,8
1680420256.7630458,18.8,8
1680420258.768561,16.7,8
1680420260.7741492,15.0,8
1680420262.7753532,15.7,8
1680420264.777605,17.8,8
1680420266.780919,15.3,8
1680420268.7847722,21.6,8
1680420270.787078,17.2,8
1680420272.7892811,17.4,8
1680420274.79488,18.9,8
1680420276.799835,15.3,8
1680420278.805442,15.3,8
1680420280.806206,15.8,8
1680420282.81171,15.2,8
1680420284.817319,15.0,8
1680420286.82053,36.7,8
1680420288.826271,31.9,8
1680420290.83183,27.0,8
1680420292.8372018,17.2,8
1680420294.8429031,17.0,8
1680420296.8485062,16.5,8
1680420298.854167,16.7,8
1680420300.855526,18.1,8
1680420302.859246,14.8,8
1680420304.85986,15.7,8
1680420306.8654552,17.0,8
1680420308.871027,19.1,8
1680420310.8764029,19.9,8
1680420312.8800771,24.8,8
1680420314.8855948,20.9,8
1680420316.886579,17.2,8
1680420318.8922272,16.3,8
1680420320.897452,15.4,8
1680420322.899921,15.5,8
1680420324.9054651,14.6,8
1680420326.907988,15.1,8
1680420328.912083,15.6,8
1680420330.917511,15.7,8
1680420332.923132,17.4,8
1680420334.928739,18.3,8
1680420336.931138,18.1,8
1680420338.936735,16.0,8
1680420340.942347,14.3,8
1680420342.947948,17.1,8
1680420344.952113,15.6,8
1680420346.953154,14.7,8
1680420348.956987,15.3,8
1680420350.9600582,14.7,8
1680420352.965635,16.4,8
1680420354.9674802,17.2,8
1680420356.968472,17.0,8
1680420358.973959,16.3,8
1680420360.978922,18.0,8
1680420362.9845371,15.0,8
1680420364.989456,18.9,8
1680420366.995022,17.9,8
1680420369.000413,15.0,8
1680420371.006019,15.2,8
1680420373.007469,18.9,8
1680420375.013021,18.3,8
1680420377.0163682,20.0,8
1680420379.0222871,23.1,8
1680420381.027026,26.7,8
1680420383.032884,24.7,8
1680420385.036391,20.2,8
1680420387.041992,19.6,8
1680420389.043394,17.6,8
1680420391.046304,16.4,8
1680420393.05192,15.6,8
1680420395.0564659,18.0,8
1680420397.062079,17.9,8
1680420399.0676851,17.2,8
1680420401.073287,17.7,8
1680420403.078848,18.4,8
1680420405.084451,18.2,8
1680420407.085282,15.1,8
1680420409.090754,15.9,8
1680420411.0961761,15.9,8
1680420413.098421,16.1,8
1680420415.100112,16.2,8
1680420417.1036491,18.1,8
1680420419.1086469,16.5,8
1680420421.1095738,17.8,8
1680420423.111286,17.2,8
1680420425.1134741,18.6,8
1680420427.113272,18.9,8
1680420429.1162481,16.0,8
1680420431.118504,16.1,8
1680420433.118167,15.3,8
1680420435.120904,15.6,8
1680420437.1202922,15.4,8
1680420439.1231182,15.9,8
1680420441.122699,15.7,8
1680420443.127088,16.7,8
1680420445.130181,18.4,8
1680420447.1318002,18.3,8
1680420449.136692,18.9,8
1680420451.141841,16.0,8
1680420453.1468658,15.2,8
1680420455.151911,15.3,8
1680420457.1570518,15.9,8
1680420459.162248,16.3,8
1680420461.168083,16.6,8
1680420463.170551,15.1,8
1680420465.172443,15.7,8
1680420467.177769,15.3,8
1680420469.18308,15.6,8
1680420471.185741,15.1,8
1680420473.191099,15.4,8
1680420475.196532,15.9,8
1680420477.201975,15.7,8
1680420479.2074041,16.2,8
1680420481.210318,17.5,8
1680420483.2113469,15.2,8
1680420485.2130282,18.4,8
1680420487.2185159,16.0,8
1680420489.2238111,15.7,8
1680420491.229325,15.7,8
1680420493.2348568,15.1,8
1680420495.2403898,15.9,8
1680420497.24593,15.6,8
1680420499.2514749,18.9,8
1680420501.255924,17.9,8
1680420503.26143,16.0,8
1680420505.266728,15.4,8
1680420507.272276,15.5,8
1680420509.2766101,15.9,8
1680420511.2796218,15.8,8
1680420513.285136,15.3,8
1680420515.2906828,15.6,8
1680420517.296221,16.8,8
1680420519.2994409,15.9,8
1680420521.304895,15.2,8
1680420523.3104372,15.2,8
1680420525.3144362,15.8,8
1680420527.320021,15.6,8
1680420529.3255732,17.8,8
1680420531.329447,15.9,8
1680420533.333011,15.2,8
1680420535.335834,16.6,8
1680420537.336342,15.6,8
1680420539.338773,15.7,8
1680420541.343294,18.3,8
1680420543.345515,17.4,8
1680420545.351062,18.1,8
1680420547.3552809,17.2,8
1680420549.3590772,16.3,8
1680420551.365164,16.2,8
1680420553.370671,15.2,8
1680420555.3762188,15.8,8
1680420557.381601,16.3,8
1680420559.384953,17.0,8
1680420561.386424,16.2,8
1680420563.3879008,15.4,8
1680420565.393427,15.8,8
1680420567.395942,24.1,8
1680420569.402022,15.6,8
1680420571.4075809,15.8,8
1680420573.41313,15.4,8
1680420575.4186828,15.3,8
1680420577.4242392,15.8,8
1680420579.4297931,16.0,8
1680420581.435317,16.7,8
1680420583.441592,15.9,8
1680420585.447417,15.1,8
1680420587.449708,16.5,8
1680420589.455115,17.5,8
1680420591.460514,18.3,8
1680420593.4654741,17.5,8
1680420595.466211,34.5,8
1680420597.471859,17.4,8
1680420599.477438,17.9,8
1680420601.483279,20.3,8
1680420603.489068,15.2,8
1680420605.494592,15.3,8
1680420607.500152,21.7,8
1680420609.5058079,21.1,8
1680420611.5120609,14.9,8
1680420613.5175638,16.4,8
1680420615.5231118,14.9,8
1680420617.5284271,14.6,8
1680420619.533976,15.1,8
1680420621.5395489,15.7,8
1680420623.5450828,14.9,8
1680420625.550626,15.8,8
1680420627.556182,14.7,8
1680420629.5617259,15.7,8
1680420631.567549,14.7,8
1680420633.573051,14.2,8
1680420635.578611,14.9,8
1680420637.581685,14.8,8
1680420639.5873148,15.2,8
1680420641.591933,15.3,8
1680420643.597743,15.3,8
1680420645.602261,15.3,8
1680420647.6044722,14.6,8
1680420649.6100821,14.5,8
1680420651.6144269,15.2,8
1680420653.616726,14.6,8
1680420655.61843,15.3,8
1680420657.623996,14.7,8
1680420659.624821,15.4,8
1680420661.630646,15.5,8
1680420663.6314518,14.4,8
1680420665.6369548,16.7,8
1680420667.638207,14.9,8
1680420669.6405911,15.0,8
1680420671.6429539,15.3,8
1680420673.648458,17.6,8
1680420675.6503592,14.7,8
1680420677.65592,14.7,8
1680420679.65739,15.4,8
1680420681.6629171,14.6,8
1680420683.6659358,14.4,8
1680420685.666783,16.0,8
1680420687.677634,22.2,8
1680420689.6881862,18.4,8
1680420691.694408,15.2,8
1680420693.695298,15.5,8
1680420695.696754,16.4,8
1680420697.704016,14.7,8
1680420699.706181,15.7,8
1680420701.7078772,15.2,8
1680420703.711424,15.9,8
1680420705.721952,14.9,8
1680420707.724669,14.6,8
1680420709.732506,15.9,8
1680420711.7392352,14.9,8
1680420713.741378,14.1,8
1680420715.7434082,15.4,8
1680420717.7507,14.5,8
1680420719.761227,15.6,8
1680420721.762527,15.9,8
1680420723.764534,14.6,8
1680420725.7659829,15.6,8
1680420727.7706099,14.9,8
1680420729.780786,14.6,8
1680420731.791403,15.0,8
1680420733.80012,14.8,8
1680420735.801294,15.0,8
1680420737.8032482,14.5,8
1680420739.813817,15.2,8
1680420741.819297,15.9,8
1680420743.823809,20.5,8
1680420745.834191,17.1,8
1680420747.838492,24.1,8
1680420749.846126,15.2,8
1680420751.850044,15.8,8
1680420753.854929,14.6,8
1680420755.856698,14.6,8
1680420757.8672462,14.5,8
1680420759.8683279,14.7,8
1680420761.8766131,14.7,8
1680420763.882563,15.7,8
1680420765.893374,14.6,8
1680420767.8996391,16.6,8
1680420769.9101162,27.4,8
1680420771.920663,15.0,8
1680420773.931298,15.4,8
1680420775.941566,14.0,8
1680420777.9521558,14.9,8
1680420779.962732,17.2,8
1680420781.972925,15.4,8
1680420783.983546,16.9,8
1680420785.994671,15.1,8
1680420788.004719,15.1,8
1680420790.0054998,22.9,8
1680420792.011434,17.9,8
1680420794.02195,15.0,8
1680420796.030828,14.7,8
1680420798.041214,14.6,8
1680420800.051738,15.5,8
1680420802.062264,14.9,8
1680420804.072832,14.8,8
1680420806.0833778,14.8,8
1680420808.087564,15.1,8
1680420810.0960598,14.8,8
1680420812.10537,17.7,8
1680420814.1157389,14.6,8
1680420816.1256351,14.6,8
1680420818.1361961,14.6,8
1680420820.143862,14.9,8
1680420822.154423,18.0,8
1680420824.165768,17.8,8
1680420826.1758878,14.3,8
1680420828.179266,15.0,8
1680420830.185645,14.9,8
1680420832.196218,15.3,8
1680420834.199656,15.0,8
1680420836.2011242,15.2,8
1680420838.203298,14.9,8
1680420840.2046878,16.7,8
1680420842.207214,24.2,8
1680420844.2095392,15.5,8
1680420846.218622,14.3,8
1680420848.2265458,14.8,8
1680420850.23713,15.0,8
1680420852.24448,15.3,8
1680420854.255031,14.8,8
1680420856.25715,14.4,8
1680420858.265088,15.3,8
1680420860.27592,16.0,8
1680420862.28403,15.1,8
1680420864.2945652,15.4,8
1680420866.305119,15.5,8
1680420868.31477,14.7,8
1680420870.324912,14.9,8
1680420872.335469,14.4,8
1680420874.337415,14.5,8
1680420876.338339,14.4,8
1680420878.3489149,14.6,8
1680420880.359484,14.8,8
1680420882.370048,24.4,8
1680420884.372869,15.7,8
1680420886.383408,15.5,8
1680420888.3927228,14.4,8
1680420890.3958058,17.1,8
1680420892.407416,15.9,8
1680420894.418006,14.9,8
1680420896.423716,14.6,8
1680420898.434506,14.8,8
1680420900.445132,18.1,8
1680420902.455699,14.8,8
1680420904.461948,16.1,8
1680420906.472333,14.5,8
1680420908.482996,15.1,8
1680420910.493448,16.7,8
1680420912.503671,17.2,8
1680420914.513793,15.4,8
1680420916.524341,14.5,8
1680420918.529773,16.1,8
1680420920.540341,14.7,8
1680420922.550694,15.8,8
1680420924.56126,15.3,8
1680420926.565332,14.6,8
1680420928.566242,14.8,8
1680420930.566914,15.0,8
1680420932.575478,15.3,8
1680420934.577709,14.9,8
1680420936.579811,14.2,8
1680420938.5870101,14.4,8
1680420940.596938,15.2,8
1680420942.607441,18.1,8
1680420944.617053,15.5,8
1680420946.6258152,14.4,8
1680420948.630951,14.4,8
1680420950.64062,15.2,8
1680420952.6477299,15.2,8
1680420954.6582599,14.7,8
1680420956.660761,14.5,8
1680420958.663281,14.5,8
1680420960.6656268,18.5,8
1680420962.674861,14.8,8
1680420964.685397,21.4,8
1680420966.695086,16.8,8
1680420968.705636,14.4,8
1680420970.709064,16.5,8
1680420972.719755,18.0,8
1680420974.720535,26.3,8
1680420976.729735,17.4,8
1680420978.732762,16.4,8
1680420980.73683,14.9,8
1680420982.7451148,15.4,8
1680420984.753602,25.5,8
1680420986.76429,23.8,8
1680420988.776118,17.5,8
1680420990.7867038,15.3,8
1680420992.797974,14.8,8
1680420994.808577,15.0,8
1680420996.810648,15.3,8
1680420998.813073,15.1,8
1680421000.815588,14.4,8
1680421002.8261619,15.7,8
1680421004.8273568,15.6,8
1680421006.8297012,14.7,8
1680421008.831865,14.8,8
1680421010.833146,14.9,8
1680421012.8436968,15.3,8
1680421014.854999,15.1,8
1680421016.8621309,15.5,8
1680421018.8687308,15.2,8
1680421020.8793888,16.2,8
1680421022.887417,15.1,8
1680421024.897826,15.3,8
1680421026.900117,14.5,8
1680421028.904094,15.8,8
1680421030.914446,14.9,8
1680421032.924753,15.0,8
1680421034.92701,15.1,8
1680421036.9376042,15.3,8
1680421038.94448,14.6,8
1680421040.954169,14.7,8
1680421042.9647849,17.1,8
1680421044.9662862,15.3,8
1680421046.976492,15.1,8
1680421048.985913,14.8,8
1680421050.994425,15.0,8
1680421052.996444,14.7,8
1680421055.007024,15.0,8
1680421057.012201,15.5,8
1680421059.0209432,17.1,8
1680421061.031455,15.1,8
1680421063.039178,15.0,8
1680421065.049591,14.6,8
1680421067.052196,15.3,8
1680421069.055598,15.3,8
1680421071.060044,14.8,8
1680421073.070625,15.2,8
1680421075.081182,15.2,8
1680421077.091098,15.4,8
1680421079.101635,15.3,8
1680421081.1041641,16.8,8
1680421083.110647,15.5,8
1680421085.1211588,15.9,8
1680421087.126019,14.7,8
1680421089.135639,19.2,8
1680421091.146606,17.4,8
1680421093.1574311,14.8,8
1680421095.165417,14.7,8
1680421097.1759748,14.6,8
1680421099.177425,16.4,8
1680421101.179643,19.0,8
1680421103.1820428,16.1,8
1680421105.1854458,15.3,8
1680421107.195841,17.0,8
1680421109.206784,15.1,8
1680421111.207259,15.2,8
1680421113.2169118,16.1,8
1680421115.223543,14.8,8
1680421117.224329,14.7,8
1680421119.234567,14.9,8
1680421121.2375522,15.5,8
1680421123.248141,14.9,8
1680421125.2545059,14.8,8
1680421127.255247,16.7,8
1680421129.266855,46.2,8
1680421131.277925,3.0,8
1680421133.288212,4.4,8
1680421135.298601,3.0,8
1680421137.3068092,10.2,8
1680421139.312493,8.8,8
1680421141.3163562,10.7,8
1680421143.322058,12.4,8
1680421145.3281438,6.0,8
1680421147.3341389,4.9,8
1680421149.337125,10.4,8
1680421151.3432698,10.7,8
1680421153.348862,4.9,8
1680421155.354054,4.7,8
1680421157.360001,8.4,8
1680421159.362441,19.3,8
1680421161.3656828,9.0,8
1680421163.3713422,13.4,8
1680421165.3774452,10.2,8
1680421167.381632,11.7,8
1680421169.387445,13.2,8
1680421171.3935978,4.0,8
1680421173.399594,6.6,8
1680421175.402344,20.4,8
1680421177.412739,17.8,8
1680421179.4236119,6.8,8
1680421181.4342248,17.0,8
1680421183.24705,64.4,8
1680421185.251322,52.7,8
